"First Name","Last Name","Primary Phone","Street Address","City","State","Zip","Membership Type","Membership Expiration" 
"Tre","Abernathy","731-272-5974 x3768","10156 Stiedemann Shoal","Wolfffort","Alaska","56851-3892","",""
"Fannie","Beer","+1-550-853-8051","382 Janie Extension","Bodemouth","North Dakota","66968-2515","household","2017-05-01"
"Estel","Bradtke","829-724-8026 x322","2570 Reynolds Canyon","Fadelside","Wyoming","30254","household","2017-05-01"
"Audreanne","Dicki","(364) 885-3755 x7845","230 Maximus Ville Suite 418","Raymundostad","New Hampshire","08965-2636","student","2017-05-01"
"Carlos","Fadel","1-624-254-5044 x4726","687 Abbott Skyway","Lake Briana","Hawaii","37663-0475","",""
"Katrina","Fisher","831-604-9360 x791","13700 Volkman Stravenue Apt. 338","West Maximusville","South Carolina","21391-6486","",""
"Leanne","Greenholt","+1.223.895.7886","664 Cummerata Brooks","West Jacintoland","Arizona","25884-7039","associate","2017-05-01"
"Andres","Hermann","1-225-939-3186","7236 Malcolm Fall Suite 590","New Kara","Connecticut","10297-8726","",""
"Genesis","Hyatt","250-456-6977","7453 Garland Villages Suite 549","North Leoshire","Rhode Island","56665-6658","",""
"Ubaldo","Klocko","243-929-7039","5947 Rhea Lights","East Jaylan","Arkansas","55148","associate","2017-05-01"
"Alanna","Koelpin","+1-402-378-4206","37120 Philip Estate","North Rickeystad","Louisiana","56534","",""
"Graham","Konopelski","354.315.9098","6284 Marvin Plaza","Mellieville","Rhode Island","48596","individual","2017-05-01"
"Brant","Kulas","971.839.0818 x8562","8851 Alanis Mountains Apt. 848","South Phyllis","Virginia","31781","student","2017-05-01"
"Piper","Metz","1-808-464-6269 x2420","95421 Ed Tunnel Suite 488","Kochton","Alabama","18146-2666","",""
"Gabriella","Miller","(576) 736-6454 x027","227 Ferne Mall Apt. 352","Harveybury","District of Columbia","34813-9032","",""
"Darwin","Mitchell","531.332.0459 x39301","83226 Bogan Cliffs","Lake Eltonborough","Colorado","47002-8920","individual","2017-05-01"
"Twila","Murazik","+1 (929) 236-7201","6949 Batz Centers Suite 240","New Duanefurt","Oregon","15047-2668","",""
"Jovani","Skiles","1-459-537-8615","286 Lurline Parks","Port Jennie","New Jersey","17597-1181","",""
"Aisha","Weimann","857-930-5146 x46998","985 Kadin Trace Suite 015","Christiansenfort","Pennsylvania","54379","individual","2017-05-01"
